 SET serveroutput ON;


--INSTITUCION funcionando
INSERT INTO INSTITUCION VALUES (SEQ_idInstitucion.NEXTVAL, 'Universidad Catolica');
INSERT INTO INSTITUCION VALUES (SEQ_idInstitucion.NEXTVAL, 'Universidad de Chile');
INSERT INTO INSTITUCION VALUES (SEQ_idInstitucion.NEXTVAL, 'DUOC UC');
INSERT INTO INSTITUCION VALUES (SEQ_idInstitucion.NEXTVAL, 'INACAP');
INSERT INTO INSTITUCION VALUES (SEQ_idInstitucion.NEXTVAL, 'Santo Tomas');
INSERT INTO INSTITUCION VALUES (SEQ_idInstitucion.NEXTVAL, 'AIEP');
INSERT INTO INSTITUCION VALUES (SEQ_idInstitucion.NEXTVAL, 'Universidad Diego Portales');
INSERT INTO INSTITUCION VALUES (SEQ_idInstitucion.NEXTVAL, 'Universidad Catolica del Norte');
INSERT INTO INSTITUCION VALUES (SEQ_idInstitucion.NEXTVAL, 'Universidad de Concepcion');
INSERT INTO INSTITUCION VALUES (SEQ_idInstitucion.NEXTVAL, 'Universidad de Santiago');
INSERT INTO INSTITUCION VALUES (SEQ_idInstitucion.NEXTVAL, 'Universidad Mayor');
INSERT INTO INSTITUCION VALUES (SEQ_idInstitucion.NEXTVAL, 'Universidad Finis Terrae');
INSERT INTO INSTITUCION VALUES (SEQ_idInstitucion.NEXTVAL, 'Universidad Arturo Prat');
INSERT INTO INSTITUCION VALUES (SEQ_idInstitucion.NEXTVAL, 'Universidad de Talca');
INSERT INTO INSTITUCION VALUES (SEQ_idInstitucion.NEXTVAL, 'Universidad del Desarrollo');
INSERT INTO INSTITUCION VALUES (SEQ_idInstitucion.NEXTVAL, 'Universidad de los Andes');
INSERT INTO INSTITUCION VALUES (SEQ_idInstitucion.NEXTVAL, 'Universidad Austral');
INSERT INTO INSTITUCION VALUES (SEQ_idInstitucion.NEXTVAL, 'Universidad Autonoma');
INSERT INTO INSTITUCION VALUES (SEQ_idInstitucion.NEXTVAL, 'Universidad de las Americas');
INSERT INTO INSTITUCION VALUES (SEQ_idInstitucion.NEXTVAL, 'Universidad del Bio-Bio');
--COLEGIO funcionando
INSERT INTO COLEGIO VALUES (SEQ_IdColegio.NEXTVAL,'Colegio Los Andes');
INSERT INTO COLEGIO VALUES (SEQ_IdColegio.NEXTVAL,'Liceo N°243');
INSERT INTO COLEGIO VALUES (SEQ_IdColegio.NEXTVAL,'Colegio Portugal');
INSERT INTO COLEGIO VALUES (SEQ_IdColegio.NEXTVAL,'Escuela Virgen Maria');
INSERT INTO COLEGIO VALUES (SEQ_IdColegio.NEXTVAL,'Liceo San Hernan');
INSERT INTO COLEGIO VALUES (SEQ_IdColegio.NEXTVAL,'Liceo Patagonia');
INSERT INTO COLEGIO VALUES (SEQ_IdColegio.NEXTVAL,'Andrew School');
INSERT INTO COLEGIO VALUES (SEQ_IdColegio.NEXTVAL,'Colegio Industrial');
INSERT INTO COLEGIO VALUES (SEQ_IdColegio.NEXTVAL,'Liceo San Francisco');
INSERT INTO COLEGIO VALUES (SEQ_IdColegio.NEXTVAL,'Colegio Vicuña');
INSERT INTO COLEGIO VALUES (SEQ_IdColegio.NEXTVAL,'Colegio Santa Barbara');
INSERT INTO COLEGIO VALUES (SEQ_IdColegio.NEXTVAL,'Colegio Nueva Esperanza');
INSERT INTO COLEGIO VALUES (SEQ_IdColegio.NEXTVAL,'Liceo Imperial');
INSERT INTO COLEGIO VALUES (SEQ_IdColegio.NEXTVAL,'Escuela Progreso');
INSERT INTO COLEGIO VALUES (SEQ_IdColegio.NEXTVAL,'Colegio Santiago');
INSERT INTO COLEGIO VALUES (SEQ_IdColegio.NEXTVAL,'Colegio San Francisco de Asis');
INSERT INTO COLEGIO VALUES (SEQ_IdColegio.NEXTVAL,'Liceo Manuel Montt');
INSERT INTO COLEGIO VALUES (SEQ_IdColegio.NEXTVAL,'Liceo N°1');
INSERT INTO COLEGIO VALUES (SEQ_IdColegio.NEXTVAL,'Liceo Matematico');
INSERT INTO COLEGIO VALUES (SEQ_IdColegio.NEXTVAL,'Colegio Artistico');
--ANEXO_A funcionando
insert into ANEXO_A values(SEQ_NROFOLIO_A.nextval,'11/12/2011','Fernando Gonzalez');
insert into ANEXO_A values(SEQ_NROFOLIO_A.nextval,'12/10/2011','Maria Jose Perez');
insert into ANEXO_A values(SEQ_NROFOLIO_A.nextval,'13/9/2012' ,'Matias Fernandez');
insert into ANEXO_A values(SEQ_NROFOLIO_A.nextval,'14/8/2012' ,'Esteban Pereira');
insert into ANEXO_A values(SEQ_NROFOLIO_A.nextval,'14/8/2012' ,'Rodolfo Gutierrez');
insert into ANEXO_A values(SEQ_NROFOLIO_A.nextval,'15/2/2013' ,'Luisa Gajardo');
insert into ANEXO_A values(SEQ_NROFOLIO_A.nextval,'25/4/2013' ,'Rodrigo Uturria');
insert into ANEXO_A values(SEQ_NROFOLIO_A.nextval,'2/5/2014'  ,'Ignacio Olivera');
insert into ANEXO_A values(SEQ_NROFOLIO_A.nextval,'5/6/2015'  ,'Martina Huerta');
insert into ANEXO_A values(SEQ_NROFOLIO_A.nextval,'6/11/2015' ,'Pedro Barra');
insert into ANEXO_A values(SEQ_NROFOLIO_A.nextval,'15/12/2016','Eduardo Cabezas');
insert into ANEXO_A values(SEQ_NROFOLIO_A.nextval,'30/9/2015' ,'German Toro');
insert into ANEXO_A values(SEQ_NROFOLIO_A.nextval,'02/2/2019' ,'Hernan Gajardo');
insert into ANEXO_A values(SEQ_NROFOLIO_A.nextval,'06/3/2018' ,'Sebastian Prado');
insert into ANEXO_A values(SEQ_NROFOLIO_A.nextval,'15/3/2017' ,'Javiera Monserrat');
insert into ANEXO_A values(SEQ_NROFOLIO_A.nextval,'24/1/2017' ,'Ignacia Silva');
insert into ANEXO_A values(SEQ_NROFOLIO_A.nextval,'10/4/2024' ,'Daniela Acevedo');
insert into ANEXO_A values(SEQ_NROFOLIO_A.nextval,'14/10/2019','Carlos Barra');
insert into ANEXO_A values(SEQ_NROFOLIO_A.nextval,'06/9/2016' ,'Eduarda Fernandez');
insert into ANEXO_A values(SEQ_NROFOLIO_A.nextval,'22/4/2015' ,'Felipe Cortez');
--CONTACTO funcionando
INSERT INTO CONTACTO VALUES (1000000000,NULL,NULL,65455874,NULL,'bruno.12@gmail.com');
INSERT INTO CONTACTO VALUES (1000000001,25698745,NULL,65231458,NULL,'seb.ar@gmail.com');
INSERT INTO CONTACTO VALUES (1000000002,12659874,NULL,42545666,NULL,'cortez.123@gmail.com');
INSERT INTO CONTACTO VALUES (1000000003,NULL,659878545,56465645,NULL,'edtapcolocolo@gmail.com');
INSERT INTO CONTACTO VALUES (1000000004,45489631,NULL,86752765,66590000,'rojasa@gmail.com');
INSERT INTO CONTACTO VALUES (1000000005,26518545,NULL,45646545,NULL,'pedrog@gmail.com');
INSERT INTO CONTACTO VALUES (1000000006,NULL,55698740,33024510,NULL,'jor.garr_12@gmail.com');
INSERT INTO CONTACTO VALUES (1000000007,NULL,NULL,65412387,NULL,'jhonMcow@gmail.com');
INSERT INTO CONTACTO VALUES (1000000008,66669455,NULL,00025214,NULL,'arthurito@gmail.com');
INSERT INTO CONTACTO VALUES (1000000009,99854533,NULL,89426055,65840000,'artur.sep@gmail.com');
INSERT INTO CONTACTO VALUES (1000000010,NULL,45465466,15210513,NULL,'emi.hen@gmail.com');
INSERT INTO CONTACTO VALUES (1000000011,66358225,NULL,56651221,NULL,'igna_b@gmail.com');
INSERT INTO CONTACTO VALUES (1000000012,99865125,NULL,66655620,36987500,'maria.v@gmail.com');
INSERT INTO CONTACTO VALUES (1000000013,NULL,NULL,65412387,NULL,'cifcam@gmail.com');
INSERT INTO CONTACTO VALUES (1000000014,NULL,65845265,87897885,54870000,'pepeca@gmail.com');
INSERT INTO CONTACTO VALUES (1000000015,12359645,NULL,52274365,NULL,'martigamboa.6543@gmail.com');
INSERT INTO CONTACTO VALUES (1000000016,NULL,NULL,00665456,NULL,'josefa23@gmail.com');
INSERT INTO CONTACTO VALUES (1000000017,NULL,96541785,66645654,NULL,'marielama@gmail.com');
INSERT INTO CONTACTO VALUES (1000000018,66321455,NULL,33315454,NULL,'m.j13@gmail.com');
INSERT INTO CONTACTO VALUES (1000000019,NULL,NULL,00210050,NULL,'conism@gmail.com');

--ACREDITACIONES dejarlos separados xq si grasia FUNCIONANDO
INSERT INTO ACREDITACIONES VALUES(1000000000,1,1,'06/12/2009',0,NULL,NULL,1,1,'12/04/2012');
INSERT INTO ACREDITACIONES VALUES(1000000001,0,NULL,NULL,1,0,NULL,1,1,'12/05/2006');
INSERT INTO ACREDITACIONES VALUES(1000000002,0,NULL,NULL,0,NULL,NULL,1,1,'2/06/2009');
INSERT INTO ACREDITACIONES VALUES(1000000003,0,NULL,NULL,0,NULL,NULL,1,1,'26/12/2000');
INSERT INTO ACREDITACIONES VALUES(1000000004,1,1,'22/1/2019',1,1,'30/5/2000',0,NULL,NULL);

INSERT INTO ACREDITACIONES VALUES(1000000005,0,NULL,NULL,0,NULL,NULL,1,1,'09/11/2012');
INSERT INTO ACREDITACIONES VALUES(1000000006,0,NULL,NULL,0,NULL,NULL,1,1,'10/06/2011');
INSERT INTO ACREDITACIONES VALUES(1000000007,0,NULL,NULL,0,NULL,NULL,0,NULL,NULL);
INSERT INTO ACREDITACIONES VALUES(1000000008,0,NULL,NULL,0,NULL,NULL,1,1,'09/09/2009');
INSERT INTO ACREDITACIONES VALUES(1000000009,0,NULL,NULL,0,NULL,NULL,1,1,'25/5/2004');
INSERT INTO ACREDITACIONES VALUES(1000000010,0,NULL,NULL,0,NULL,NULL,1,1,'20/01/2001');
INSERT INTO ACREDITACIONES VALUES(1000000011,1,1,'01/02/2015',0,NULL,NULL,1,1,'16/06/2013');

INSERT INTO ACREDITACIONES VALUES(1000000012,0,NULL,NULL,1,1,'12/01/1999',1,1,'15/06/2000');
INSERT INTO ACREDITACIONES VALUES(1000000013,0,NULL,NULL,0,NULL,NULL,0,NULL,NULL);
INSERT INTO ACREDITACIONES VALUES(1000000014,1,1,'05/05/2013',0,NULL,NULL,0,NULL,NULL);

INSERT INTO ACREDITACIONES VALUES(1000000015,1,1,'18/03/2020',0,NULL,NULL,1,1,'22/03/2003');

INSERT INTO ACREDITACIONES VALUES(1000000016,0,NULL,NULL,0,NULL,NULL,1,1,'06/06/2006');
INSERT INTO ACREDITACIONES VALUES(1000000017,0,NULL,NULL,0,NULL,NULL,1,1,'27/1/2009');
INSERT INTO ACREDITACIONES VALUES(1000000018,0,NULL,NULL,0,NULL,NULL,1,1,'03/12/2000');
INSERT INTO ACREDITACIONES VALUES(1000000019,0,NULL,NULL,0,NULL,NULL,1,1,'06/05/2009');

--Tipo titulo
INSERT INTO TIPO_TITULO VALUES (1,'Técnico',100);
INSERT INTO TIPO_TITULO VALUES (2,'Profesional',200);
--TITULO funcionando
INSERT INTO TITULO VALUES (1000000000,'Ingeniero en Informatica',20, 2);
INSERT INTO TITULO VALUES (1000000001,'Ingeniero Industrial',13, 2);
INSERT INTO TITULO VALUES (1000000002,'Quimica y Farmacia',4, 2);
INSERT INTO TITULO VALUES (1000000003,'Pedagogia en Artes',6, 2);
INSERT INTO TITULO VALUES (1000000005,'Tecnico en Telecomunaciones',9, 1);
INSERT INTO TITULO VALUES (1000000006,'Teatro',19, 2);
INSERT INTO TITULO VALUES (1000000008,'Arquitectura',12, 2);
INSERT INTO TITULO VALUES (1000000009,'Administracion',11, 2);
INSERT INTO TITULO VALUES (1000000010,'Tecnico en Informatica',2, 1);
INSERT INTO TITULO VALUES (1000000011,'Publicidad',8, 2);
INSERT INTO TITULO VALUES (1000000012,'Pedagogia en Historia',15, 2);
INSERT INTO TITULO VALUES (1000000015,'Bioquimica',5, 2);
INSERT INTO TITULO VALUES (1000000016,'Ingeniero Industrial',18, 2);
INSERT INTO TITULO VALUES (1000000017,'Tecnico en Enfemeria',6, 2);
INSERT INTO TITULO VALUES (1000000018,'Medicina',10, 2);
INSERT INTO TITULO VALUES (1000000019,'Musica',20, 2);
--ESCOLARIDAD funcionando
INSERT INTO ESCOLARIDAD VALUES (1000000004,'14/05/2004',1);
INSERT INTO ESCOLARIDAD VALUES (1000000007,'01/03/2009',5);
INSERT INTO ESCOLARIDAD VALUES (1000000013,'20/08/2010',10);
INSERT INTO ESCOLARIDAD VALUES (1000000014,'09/09/2009',16);
--DATO DOCUMENTO funcionando
INSERT INTO DATO_DOCUMENTO VALUES (0000000001,EMPTY_BLOB(),'12/6/2020');
INSERT INTO DATO_DOCUMENTO VALUES (0000000002,EMPTY_BLOB(),'06/6/2015');
INSERT INTO DATO_DOCUMENTO VALUES (0000000003,EMPTY_BLOB(),'12/9/2016');
INSERT INTO DATO_DOCUMENTO VALUES (0000000004,EMPTY_BLOB(),'29/12/2009');
INSERT INTO DATO_DOCUMENTO VALUES (0000000005,EMPTY_BLOB(),'14/1/2020');
INSERT INTO DATO_DOCUMENTO VALUES (0000000006,EMPTY_BLOB(),'18/6/2016');
INSERT INTO DATO_DOCUMENTO VALUES (0000000007,EMPTY_BLOB(),'05/5/2004');
INSERT INTO DATO_DOCUMENTO VALUES (0000000008,EMPTY_BLOB(),'27/1/2014');
INSERT INTO DATO_DOCUMENTO VALUES (0000000009,EMPTY_BLOB(),'19/3/2018');
INSERT INTO DATO_DOCUMENTO VALUES (0000000010,EMPTY_BLOB(),'13/3/2008');
INSERT INTO DATO_DOCUMENTO VALUES (0000000011,EMPTY_BLOB(),'15/10/2017');
INSERT INTO DATO_DOCUMENTO VALUES (0000000012,EMPTY_BLOB(),'25/1/2004');
INSERT INTO DATO_DOCUMENTO VALUES (0000000013,EMPTY_BLOB(),'09/9/2019');
INSERT INTO DATO_DOCUMENTO VALUES (0000000014,EMPTY_BLOB(),'15/6/2020');
INSERT INTO DATO_DOCUMENTO VALUES (0000000015,EMPTY_BLOB(),'09/3/2015');
INSERT INTO DATO_DOCUMENTO VALUES (0000000016,EMPTY_BLOB(),'09/4/2017');
INSERT INTO DATO_DOCUMENTO VALUES (0000000017,EMPTY_BLOB(),'22/2/2014');
INSERT INTO DATO_DOCUMENTO VALUES (0000000018,EMPTY_BLOB(),'03/10/2019');
INSERT INTO DATO_DOCUMENTO VALUES (0000000019,EMPTY_BLOB(),'28/11/2020');
INSERT INTO DATO_DOCUMENTO VALUES (0000000020,EMPTY_BLOB(),'05/10/2009');
INSERT INTO DATO_DOCUMENTO VALUES (0000000021,EMPTY_BLOB(),'1/1/20');
INSERT INTO DATO_DOCUMENTO VALUES (0000000022,EMPTY_BLOB(),'11/2/20');
INSERT INTO DATO_DOCUMENTO VALUES (0000000023,EMPTY_BLOB(),'2/3/20');
INSERT INTO DATO_DOCUMENTO VALUES (0000000024,EMPTY_BLOB(),'12/4/20');
INSERT INTO DATO_DOCUMENTO VALUES (0000000025,EMPTY_BLOB(),'3/5/20');
INSERT INTO DATO_DOCUMENTO VALUES (0000000026,EMPTY_BLOB(),'13/6/20');
INSERT INTO DATO_DOCUMENTO VALUES (0000000027,EMPTY_BLOB(),'4/7/20');
INSERT INTO DATO_DOCUMENTO VALUES (0000000028,EMPTY_BLOB(),'14/7/20');
INSERT INTO DATO_DOCUMENTO VALUES (0000000029,EMPTY_BLOB(),'5/9/20');
INSERT INTO DATO_DOCUMENTO VALUES (0000000030,EMPTY_BLOB(),'15/8/20');
INSERT INTO DATO_DOCUMENTO VALUES (0000000031,EMPTY_BLOB(),'6/8/20');
INSERT INTO DATO_DOCUMENTO VALUES (0000000032,EMPTY_BLOB(),'16/8/20');
INSERT INTO DATO_DOCUMENTO VALUES (0000000033,EMPTY_BLOB(),'7/11/20');
INSERT INTO DATO_DOCUMENTO VALUES (0000000034,EMPTY_BLOB(),'17/2/20');
INSERT INTO DATO_DOCUMENTO VALUES (0000000035,EMPTY_BLOB(),'8/9/20');
INSERT INTO DATO_DOCUMENTO VALUES (0000000036,EMPTY_BLOB(),'18/10/20');
INSERT INTO DATO_DOCUMENTO VALUES (0000000037,EMPTY_BLOB(),'9/9/20');
INSERT INTO DATO_DOCUMENTO VALUES (0000000038,EMPTY_BLOB(),'19/9/20');
INSERT INTO DATO_DOCUMENTO VALUES (0000000039,EMPTY_BLOB(),'10/7/20');
INSERT INTO DATO_DOCUMENTO VALUES (0000000040,EMPTY_BLOB(),'20/6/20');
INSERT INTO DATO_DOCUMENTO VALUES (0000000041,EMPTY_BLOB(),'11/5/20');
INSERT INTO DATO_DOCUMENTO VALUES (0000000042,EMPTY_BLOB(),'21/1/20');
INSERT INTO DATO_DOCUMENTO VALUES (0000000043,EMPTY_BLOB(),'12/2/20');
INSERT INTO DATO_DOCUMENTO VALUES (0000000044,EMPTY_BLOB(),'22/6/20');
INSERT INTO DATO_DOCUMENTO VALUES (0000000045,EMPTY_BLOB(),'13/11/20');
INSERT INTO DATO_DOCUMENTO VALUES (0000000046,EMPTY_BLOB(),'23/9/20');
INSERT INTO DATO_DOCUMENTO VALUES (0000000047,EMPTY_BLOB(),'14/9/20');
INSERT INTO DATO_DOCUMENTO VALUES (0000000048,EMPTY_BLOB(),'24/12/20');
INSERT INTO DATO_DOCUMENTO VALUES (0000000049,EMPTY_BLOB(),'15/2/20');
INSERT INTO DATO_DOCUMENTO VALUES (0000000050,EMPTY_BLOB(),'25/4/20');
INSERT INTO DATO_DOCUMENTO VALUES (0000000051,EMPTY_BLOB(),'16/5/20');
INSERT INTO DATO_DOCUMENTO VALUES (0000000052,EMPTY_BLOB(),'26/6/20');
INSERT INTO DATO_DOCUMENTO VALUES (0000000053,EMPTY_BLOB(),'17/6/20');
INSERT INTO DATO_DOCUMENTO VALUES (0000000054,EMPTY_BLOB(),'27/7/20');
INSERT INTO DATO_DOCUMENTO VALUES (0000000055,EMPTY_BLOB(),'18/12/20');
INSERT INTO DATO_DOCUMENTO VALUES (0000000056,EMPTY_BLOB(),'28/9/20');
INSERT INTO DATO_DOCUMENTO VALUES (0000000057,EMPTY_BLOB(),'19/8/20');
INSERT INTO DATO_DOCUMENTO VALUES (0000000058,EMPTY_BLOB(),'19/8/20');
INSERT INTO DATO_DOCUMENTO VALUES (0000000059,EMPTY_BLOB(),'20/11/20');
INSERT INTO DATO_DOCUMENTO VALUES (0000000060,EMPTY_BLOB(),'15/2/20');
--ahorro_dato_doc funcionando


--ANEXO_B funcionando
INSERT INTO ANEXO_B VALUES (1000000000,0000000001);
INSERT INTO ANEXO_B VALUES (1000000001,0000000002);
INSERT INTO ANEXO_B VALUES (1000000002,0000000003);
INSERT INTO ANEXO_B VALUES (1000000003,0000000004);
INSERT INTO ANEXO_B VALUES (1000000004,0000000005);
INSERT INTO ANEXO_B VALUES (1000000005,0000000006);
INSERT INTO ANEXO_B VALUES (1000000006,0000000007);
INSERT INTO ANEXO_B VALUES (1000000007,0000000008);
INSERT INTO ANEXO_B VALUES (1000000008,0000000009);
INSERT INTO ANEXO_B VALUES (1000000009,0000000010);
INSERT INTO ANEXO_B VALUES (1000000010,0000000011);
INSERT INTO ANEXO_B VALUES (1000000011,0000000012);
INSERT INTO ANEXO_B VALUES (1000000012,0000000013);
INSERT INTO ANEXO_B VALUES (1000000013,0000000014);
INSERT INTO ANEXO_B VALUES (1000000014,0000000015);
INSERT INTO ANEXO_B VALUES (1000000015,0000000016);
INSERT INTO ANEXO_B VALUES (1000000016,0000000017);
INSERT INTO ANEXO_B VALUES (1000000017,0000000018);
INSERT INTO ANEXO_B VALUES (1000000018,0000000019);
INSERT INTO ANEXO_B VALUES (1000000019,0000000020);
--CARGA FAMILIAR funcionando
INSERT INTO CARGA_FAMILIAR VALUES (1000000000,20415657,'Martinez','Aquiles','Martin','Hermano');
INSERT INTO CARGA_FAMILIAR VALUES (1000000000,18123654,'Isla','Barra','Jose Antonio','Primo');
INSERT INTO CARGA_FAMILIAR VALUES (1000000004,17564546,'Ñuñez','Cardenas','Sofia Martina','Hija');
INSERT INTO CARGA_FAMILIAR VALUES (1000000011,19421005,'Sepulveda','Sampaoli','Emilia Belen','Pareja');
INSERT INTO CARGA_FAMILIAR VALUES (1000000011,20569984,'Cavada','Salinas','Roberto','Sobrino');
INSERT INTO CARGA_FAMILIAR VALUES (1000000014,18003645,'Fuentes','Guzman','Pedro Jesus','Hermano');
INSERT INTO CARGA_FAMILIAR VALUES (1000000014,18665565,'Arroyo','Villaroel','Jose Maria','Primo');
INSERT INTO CARGA_FAMILIAR VALUES (1000000015,20111265,'Cardenas','Pedrero','Luz Paz','Hija');
--ENTIDAD FINANCIERA funcionando
INSERT INTO ENTIDAD_FINANCIERA VALUES (SEQ_ID_ENTAC.NEXTVAL,'Banco Itau');
INSERT INTO ENTIDAD_FINANCIERA VALUES (SEQ_ID_ENTAC.NEXTVAL,'Banco Estado');
INSERT INTO ENTIDAD_FINANCIERA VALUES (SEQ_ID_ENTAC.NEXTVAL,'Banco de Chile');
INSERT INTO ENTIDAD_FINANCIERA VALUES (SEQ_ID_ENTAC.NEXTVAL,'Banco Santander');
INSERT INTO ENTIDAD_FINANCIERA VALUES (SEQ_ID_ENTAC.NEXTVAL,'Banco Scotiabank');
INSERT INTO ENTIDAD_FINANCIERA VALUES (SEQ_ID_ENTAC.NEXTVAL,'Banco BCI');
--RELACION TITULAR CUENTA funcionando
INSERT INTO RELACION_TITULAR_CUENTA VALUES (SEQ_RELACIONT.NEXTVAL,'Postulante');
INSERT INTO RELACION_TITULAR_CUENTA VALUES (SEQ_RELACIONT.NEXTVAL,'Conyuge');
INSERT INTO RELACION_TITULAR_CUENTA VALUES (SEQ_RELACIONT.NEXTVAL,'Conviviente Civil');
--TIPO CUENTA funcionando
INSERT INTO TIPO_CUENTA VALUES (SEQ_TIPOCUENTA.NEXTVAL,'Cuenta Ahorro');
INSERT INTO TIPO_CUENTA VALUES (SEQ_TIPOCUENTA.NEXTVAL,'Cuenta Rut');
INSERT INTO TIPO_CUENTA VALUES (SEQ_TIPOCUENTA.NEXTVAL,'Cuenta Vista');
INSERT INTO TIPO_CUENTA VALUES (SEQ_TIPOCUENTA.NEXTVAL,'Credito');
INSERT INTO TIPO_CUENTA VALUES (SEQ_TIPOCUENTA.NEXTVAL,'Debito');
--AHORRO funcionando
INSERT INTO AHORRO VALUES (1000000000,123546879,20456987,'05/5/2020',8500000,1,1,5);
INSERT INTO AHORRO VALUES (1000000001,456456455,16458987,'06/12/2009',10000000,5,1,2);
INSERT INTO AHORRO VALUES (1000000002,456465464,19452321,'22/5/2004',100000000,2,2,2);
INSERT INTO AHORRO VALUES (1000000003,554548748,18327889,'16/3/2015',9001000,3,3,1);
INSERT INTO AHORRO VALUES (1000000004,444454545,15474124,'11/9/2020',3000000,1,3,1);
INSERT INTO AHORRO VALUES (1000000005,887954215,12456782,'9/12/2009',7500000,1,1,1);
INSERT INTO AHORRO VALUES (1000000006,778941235,12456782,'30/4/2015',5900000,4,1,3);
INSERT INTO AHORRO VALUES (1000000007,565456456,18365789,'21/1/2005',2000000,2,2,1);
INSERT INTO AHORRO VALUES (1000000008,005456451,19332546,'01/2/2012',4000000,5,2,3);
INSERT INTO AHORRO VALUES (1000000009,545641205,20666987,'31/03/2007',8000000,5,1,4);
INSERT INTO AHORRO VALUES (1000000010,987510545,20666987,'09/10/2015',3200000,1,1,5);
INSERT INTO AHORRO VALUES (1000000011,487324834,15654925,'14/11/2016',10000000,1,2,4);
INSERT INTO AHORRO VALUES (1000000012,785347895,15632458,'07/7/2007',5000000,3,2,3);
INSERT INTO AHORRO VALUES (1000000013,574389954,19564875,'14/11/2011',1200000,3,3,5);
INSERT INTO AHORRO VALUES (1000000014,678549368,11541532,'01/12/2010',1450000,2,3,1);
INSERT INTO AHORRO VALUES (1000000015,215673251,20465482,'22/2/2003',2900000,5,3,2);
INSERT INTO AHORRO VALUES (1000000016,567432789,14554564,'01/8/2014',990000,4,1,3);
INSERT INTO AHORRO VALUES (1000000017,892430933,15356464,'15/3/2020',750000,4,2,4);
INSERT INTO AHORRO VALUES (1000000018,754835748,19564565,'26/6/2015',1000000,4,1,4);
INSERT INTO AHORRO VALUES (1000000019,673485446,16456486,'26/1/2001',1500000,1,1,5);
--AHORRO DATO DOC
insert into ahorro_dato_doc values(1000000000,1);
insert into ahorro_dato_doc values(1000000002,2);
insert into ahorro_dato_doc values(1000000003,3);
insert into ahorro_dato_doc values(1000000004,4);
insert into ahorro_dato_doc values(1000000005,5);
insert into ahorro_dato_doc values(1000000006,6);
insert into ahorro_dato_doc values(1000000007,7);
insert into ahorro_dato_doc values(1000000008,8);
insert into ahorro_dato_doc values(1000000009,9);
insert into ahorro_dato_doc values(1000000010,10);
insert into ahorro_dato_doc values(1000000011,11);
insert into ahorro_dato_doc values(1000000012,12);
insert into ahorro_dato_doc values(1000000013,13);
insert into ahorro_dato_doc values(1000000014,14);
insert into ahorro_dato_doc values(1000000015,15);
insert into ahorro_dato_doc values(1000000016,16);
insert into ahorro_dato_doc values(1000000017,17);
insert into ahorro_dato_doc values(1000000018,18);
insert into ahorro_dato_doc values(1000000019,19);
--NACIONALIDAD funcionando
insert into NACIONALIDAD values(10,'Chile');
insert into NACIONALIDAD values(20,'Venezuela');
insert into NACIONALIDAD values(30,'Colombia');
insert into NACIONALIDAD values(40,'Argentina');
insert into NACIONALIDAD values(50,'Mexico');
insert into NACIONALIDAD values(60,'Peru');
insert into NACIONALIDAD values(70,'Haiti');
insert into NACIONALIDAD values(80,'Estados Unidos');
insert into NACIONALIDAD values(90,'Mexico');
insert into NACIONALIDAD values(100,'España');
insert into NACIONALIDAD values(110,'Bolivia');
insert into NACIONALIDAD values(120,'Guatemala');
insert into NACIONALIDAD values(130,'Ecuador');
insert into NACIONALIDAD values(140,'Puerto Rico');
insert into NACIONALIDAD values(150,'Australia');
insert into NACIONALIDAD values(160,'Rep. Dominicana');
insert into NACIONALIDAD values(170,'Honduras');
insert into NACIONALIDAD values(180,'Canada');
insert into NACIONALIDAD values(190,'Rusia');
insert into NACIONALIDAD values(200,'China');

--CONVIVIENTE CIVIL funcionando
INSERT INTO CONVIVIENTE_CIVIL VALUES (1000000001,204587652,'Pereira',' Enriquez','Martina','12/6/1990',10);
INSERT INTO CONVIVIENTE_CIVIL VALUES (1000000002,156598754,'Gonzalez','Valdes','Fernanda Belen','10/6/1988',10);
INSERT INTO CONVIVIENTE_CIVIL VALUES (1000000003,196584121,'Miranda','LeBlanc','Monserrant Antonia','01/2/2000',10);
INSERT INTO CONVIVIENTE_CIVIL VALUES (1000000004,150256050,'Solis','Rojas','Valentina','22/12/1970',10);
INSERT INTO CONVIVIENTE_CIVIL VALUES (1000000007,186565950,'Rivero','Meza','Maria Jose','31/1/1968',10);
INSERT INTO CONVIVIENTE_CIVIL VALUES (1000000009,196665956,'Olivera','Morales','Eduarda Belen','12/12/1982',190);
INSERT INTO CONVIVIENTE_CIVIL VALUES (1000000011,203666952,'Orellana','Farias','Martin Carlos','25/08/1991',20);
INSERT INTO CONVIVIENTE_CIVIL VALUES (1000000012,192323065,'Polanco','Cancino','Pedro Pablo','05/11/1995',10);
INSERT INTO CONVIVIENTE_CIVIL VALUES (1000000013,169875102,'Zuñiga','Leiva','Mario','29/5/1980',40);
INSERT INTO CONVIVIENTE_CIVIL VALUES (1000000014,156606225,'Silva','Muñoz','Nora Ignacia','15/3/1999',50);
INSERT INTO CONVIVIENTE_CIVIL VALUES (1000000015,174662030,'Bravo','Zerene','Fernando Esteban','06/6/1960',10);
INSERT INTO CONVIVIENTE_CIVIL VALUES (1000000016,196633212,'Perez','Amstrong','Wladimir','07/7/1978',10);
INSERT INTO CONVIVIENTE_CIVIL VALUES (1000000017,109875312,'Basaez','Dun','Sebastian Jose','21/10/1995',10);
INSERT INTO CONVIVIENTE_CIVIL VALUES (1000000018,196232301,'Huerta','Joseph','Richard Jesus','10/10/1995',10);
INSERT INTO CONVIVIENTE_CIVIL VALUES (1000000019,205556590,'Groselj','Gajardo','Hernan Bryan','01/01/1969',20);
--ESTADO CIVIL funcionando
insert into ESTADO_CIVIL values(10,'Casado',100);
insert into ESTADO_CIVIL values(20,'Conviviente Civil', 80);
insert into ESTADO_CIVIL values(30,'Soltero', 60);
insert into ESTADO_CIVIL values(40,'Divorciado', 40);
insert into ESTADO_CIVIL values(50,'Viudo', 20);
--POSTULANTE run sin digito verificador FUNCIONANDO
insert into POSTULANTE values(1000000000,'20456987','Rojas','Diaz','Bruno','11/2/2000' ,0,NULL,1 ,EMPTY_BLOB(),10,30);
insert into POSTULANTE values(1000000001,'16458987','Araya','Rodrigez','Sebastian' ,'1/3/1983'  ,0,NULL,0,EMPTY_BLOB(),10,20);
insert into POSTULANTE values(1000000002,'19452321','Cortez','Soto','Bastian'      ,'14/4/1999' ,0,NULL,0 ,EMPTY_BLOB(),10,20);
insert into POSTULANTE values(1000000003,'18327889','Tapia','Barriento','Edward'   ,'15/5/1996' ,0 ,NULL,0 ,EMPTY_BLOB(),40,20);
insert into POSTULANTE values(1000000004,'15474124','Rojas','Elvin','Alfonso'      ,'15/6/1980' ,0 ,NULL,1 ,EMPTY_BLOB(),40,10);
insert into POSTULANTE values(1000000005,'15546546','Gonzales','Perez','Pedro'     ,'20/7/1985' ,0 ,NULL,0,EMPTY_BLOB(),30,30);
insert into POSTULANTE values(1000000006,'12456782','Garrido','Guajardo','Jorge'   ,'10/11/1995',0,NULL,0,EMPTY_BLOB(),10,30);
insert into POSTULANTE values(1000000007,'18365789','Muñoz','Romero','Jhon'        ,'22/8/1993' ,0 ,NULL,1 ,EMPTY_BLOB(),50,10);
insert into POSTULANTE values(1000000008,'19332546','Gonzales','Rojas','Arthur'    ,'23/9/1996' ,0 ,NULL,0,EMPTY_BLOB(),50,50);
insert into POSTULANTE values(1000000009,'20666987','Sepulveda','Martinez','Arturo','14/10/2000',0 ,NULL,0,EMPTY_BLOB(),70,20);
insert into POSTULANTE values(1000000010,'20044450','Henriquez','Rojas','Emilia'   ,'21/3/1995' ,0 ,NULL,0,EMPTY_BLOB(),80,30);
insert into POSTULANTE values(1000000011,'15654925','Baez','Contreras','Ignacia'  ,'01/9/1979' ,0 ,NULL,0,EMPTY_BLOB(),20,10);
insert into POSTULANTE values(1000000012,'15632458','Valenzuela','Muñoz','Maria'  ,'20/9/1990' ,1 ,'05/10/20',0,EMPTY_BLOB(),20,10);
insert into POSTULANTE values(1000000013,'19564875','Cifuentes','Paredes','Camila'  ,'14/1/1965' ,1 ,'2/5/20',0,EMPTY_BLOB(),20,10);
insert into POSTULANTE values(1000000014,'11541532','Carrillo','Prado','Pedro'  ,'12/2/1989' ,0 ,NULL,0,EMPTY_BLOB(),20,10);
insert into POSTULANTE values(1000000015,'20465482','Gamboa','Solis','Martina'  ,'22/12/1999' ,1 ,'02/8/18',1,EMPTY_BLOB(),20,10);
insert into POSTULANTE values(1000000016,'14554564','Pardo','Poblete','Josefa'  ,'06/6/1958' ,0 ,NULL,1,EMPTY_BLOB(),20,10);
insert into POSTULANTE values(1000000017,'15356464','Manriquez','Alvear','Mariela'  ,'10/10/1978' ,1 ,'30/12/15',0,EMPTY_BLOB(),20,10);
insert into POSTULANTE values(1000000018,'19564565','Solis','Silva','Maria Jesus'  ,'19/4/1998' ,0 ,NULL,0,EMPTY_BLOB(),20,10);
insert into POSTULANTE values(1000000019,'16456486','San Martin','Barra','Contanza'  ,'29/5/1989' ,0 ,NULL,0,EMPTY_BLOB(),20,10);
--REGION
Insert into REGION values(SEQ_idRegion.nextval,'Región de Arica y Parinacota', 0.5);
Insert into REGION values(SEQ_idRegion.nextval,'Región de Tarapacá', 0.3);
Insert into REGION values(SEQ_idRegion.nextval,'Región de Antofagasta', null);
Insert into REGION values(SEQ_idRegion.nextval,'Región de Atacama', null);
Insert into REGION values(SEQ_idRegion.nextval,'Región de Coquimbo', null);
Insert into REGION values(SEQ_idRegion.nextval,'Región de Valparaíso', null);
Insert into REGION values(SEQ_idRegion.nextval,'Región Metropolitana', null);
Insert into REGION values(SEQ_idRegion.nextval,'Región de O.Higgins', null);
Insert into REGION values(SEQ_idRegion.nextval,'Región del Maule', null);
Insert into REGION values(SEQ_idRegion.nextval,'Región de Ñuble', null);
Insert into REGION values(SEQ_idRegion.nextval,'Región del Biobío', null);
Insert into REGION values(SEQ_idRegion.nextval,'Región de La Araucanía', null);
Insert into REGION values(SEQ_idRegion.nextval,'Región de Los Ríos', null);
Insert into REGION values(SEQ_idRegion.nextval,'Región de Los Lagos', null);
Insert into REGION values(SEQ_idRegion.nextval,'Región de Aysén', 1);
Insert into REGION values(SEQ_idRegion.nextval,'Región de Magallanes y de la Antártica Chilena', 1.3);
--COMUNA
insert into COMUNA values(SEQ_idComuna.nextval,'Arica',10);
insert into COMUNA values(SEQ_idComuna.nextval,'Camarones',10);
insert into COMUNA values(SEQ_idComuna.nextval,'Putre',10);
insert into COMUNA values(SEQ_idComuna.nextval,'Pozo Almonte',20);
insert into COMUNA values(SEQ_idComuna.nextval,'Camiña',20);
insert into COMUNA values(SEQ_idComuna.nextval,'Colchane',20);
insert into COMUNA values(SEQ_idComuna.nextval,'Calama',30);
insert into COMUNA values(SEQ_idComuna.nextval,'Mejillones',30);
insert into COMUNA values(SEQ_idComuna.nextval,'San Pedro de Atacama',30);
insert into COMUNA values(SEQ_idComuna.nextval,'Diego de Almagro',40);
insert into COMUNA values(SEQ_idComuna.nextval,'Alto del Carmen',40);
insert into COMUNA values(SEQ_idComuna.nextval,'Caldera',50);
insert into COMUNA values(SEQ_idComuna.nextval,'Canela',50);
insert into COMUNA values(SEQ_idComuna.nextval,'Los vilos',50);
insert into COMUNA values(SEQ_idComuna.nextval,'Coquimbo',50);
insert into COMUNA values(SEQ_idComuna.nextval,'Los andes',60);
insert into COMUNA values(SEQ_idComuna.nextval,'Limache',60);
insert into COMUNA values(SEQ_idComuna.nextval,'Olmué',60);
insert into COMUNA values(SEQ_idComuna.nextval,'San Miguel',70);
insert into COMUNA values(SEQ_idComuna.nextval,'San Joaquín',70);
insert into COMUNA values(SEQ_idComuna.nextval,'Providencia',70);
insert into COMUNA values(SEQ_idComuna.nextval,'Rancagua',80);
insert into COMUNA values(SEQ_idComuna.nextval,'Pichilemu',80);
insert into COMUNA values(SEQ_idComuna.nextval,'Navidad',80);
insert into COMUNA values(SEQ_idComuna.nextval,'Hualañe',90);
insert into COMUNA values(SEQ_idComuna.nextval,'Molina',90);
insert into COMUNA values(SEQ_idComuna.nextval,'Linares',90);
insert into COMUNA values(SEQ_idComuna.nextval,'Chillan',100);
insert into COMUNA values(SEQ_idComuna.nextval,'Pinto',100);
insert into COMUNA values(SEQ_idComuna.nextval,'Yungay',100);
insert into COMUNA values(SEQ_idComuna.nextval,'Los Angeles',110);
insert into COMUNA values(SEQ_idComuna.nextval,'Laja',110);
insert into COMUNA values(SEQ_idComuna.nextval,'San Rosendo',110);
insert into COMUNA values(SEQ_idComuna.nextval,'Temuco',120);
insert into COMUNA values(SEQ_idComuna.nextval,'Villarica',120);
insert into COMUNA values(SEQ_idComuna.nextval,'Pucón',120);
insert into COMUNA values(SEQ_idComuna.nextval,'Panguipulli',130);
insert into COMUNA values(SEQ_idComuna.nextval,'Los Lagos',130);
insert into COMUNA values(SEQ_idComuna.nextval,'Valdivia',130);
insert into COMUNA values(SEQ_idComuna.nextval,'Puerto Montt',140);
insert into COMUNA values(SEQ_idComuna.nextval,'Frutillar',140);
insert into COMUNA values(SEQ_idComuna.nextval,'Osorno',140);
insert into COMUNA values(SEQ_idComuna.nextval,'Aysén',150);
insert into COMUNA values(SEQ_idComuna.nextval,'Cisnes',150);
insert into COMUNA values(SEQ_idComuna.nextval,'Guaitecas',150);
insert into COMUNA values(SEQ_idComuna.nextval,'Punta Arenas',160);
insert into COMUNA values(SEQ_idComuna.nextval,'Laguna Blanca',160);
insert into COMUNA values(SEQ_idComuna.nextval,'Primavera',160);
--TITULO POSTULACION funcionando
INSERT INTO TITULO_POSTULACION VALUES('Tramo 1','Viviendas de hasta 1.800 U.F.');
INSERT INTO TITULO_POSTULACION VALUES('Tramo 2','Viviendas de hasta 2.400 U.F.');
INSERT INTO TITULO_POSTULACION VALUES('Tramo 3','Viviendas de hasta 2.800 U.F.');
--UBICACION PREFERENCIA funcionando
INSERT INTO UBICACION_PREFERENCIA VALUES (1000000000,65000000,'Tramo 1',10);
INSERT INTO UBICACION_PREFERENCIA VALUES (1000000001,40000000,'Tramo 2',80);
INSERT INTO UBICACION_PREFERENCIA VALUES (1000000002,22000000,'Tramo 2',90);
INSERT INTO UBICACION_PREFERENCIA VALUES (1000000003,60000000,'Tramo 1',150);
INSERT INTO UBICACION_PREFERENCIA VALUES (1000000004,80000000,'Tramo 3',30);
INSERT INTO UBICACION_PREFERENCIA VALUES (1000000005,45000000,'Tramo 3',10);
INSERT INTO UBICACION_PREFERENCIA VALUES (1000000006,20000000,'Tramo 2',20);
INSERT INTO UBICACION_PREFERENCIA VALUES (1000000007,25000000,'Tramo 1',10);
INSERT INTO UBICACION_PREFERENCIA VALUES (1000000008,60000000,'Tramo 2',10);
INSERT INTO UBICACION_PREFERENCIA VALUES (1000000009,40000000,'Tramo 1',130);
INSERT INTO UBICACION_PREFERENCIA VALUES (1000000010,49000000,'Tramo 1',100);
INSERT INTO UBICACION_PREFERENCIA VALUES (1000000011,38000000,'Tramo 3',30);
INSERT INTO UBICACION_PREFERENCIA VALUES (1000000012,40000000,'Tramo 1',60);
INSERT INTO UBICACION_PREFERENCIA VALUES (1000000013,36000000,'Tramo 3',40);
INSERT INTO UBICACION_PREFERENCIA VALUES (1000000014,60000000,'Tramo 3',90);
INSERT INTO UBICACION_PREFERENCIA VALUES (1000000015,78000000,'Tramo 1',50);
INSERT INTO UBICACION_PREFERENCIA VALUES (1000000016,32000000,'Tramo 3',60);
INSERT INTO UBICACION_PREFERENCIA VALUES (1000000017,60000000,'Tramo 1',120);
INSERT INTO UBICACION_PREFERENCIA VALUES (1000000018,41000000,'Tramo 1',30);
INSERT INTO UBICACION_PREFERENCIA VALUES (1000000019,35000000,'Tramo 2',50);
--DOMICILIO funcionando
insert into DOMICILIO values(1000000000,1445,'Pasaje Esmeralda',null,null,'Manzana 1',null,'Villa La Manzana','Localidad Romedal',10);
insert into DOMICILIO values(1000000001,16654,'Calle Arturo Prat',null,null,'Cerro la Virgen',null,'Poblacion Arturo','Localdiad Sur',30);
insert into DOMICILIO values(1000000002,12345,'Pasaje D',25,'Torres Pedrero','Zona Central',null,'Villa Las Torres','Localidad Europa',20);
insert into DOMICILIO values(1000000003,1123,'Pasaje Los olivos',null,null,'Manzana Italia',null,'Villa 5','Localidad 3',20);
insert into DOMICILIO values(1000000004,1986,'Parinacota',null,'Detpo. Mirador','Manzana Concepcion',null,'Poblacion Los Santos','Localidad Santiago',100);
insert into DOMICILIO values(1000000005,12254,'Calle Manuel Rodriguez',null,null,'Cerro el alba',null,'Poblacion Calle Manuel','Localidad El Alba',50);
insert into DOMICILIO values(1000000006,102,'Calle Atacama',1,'Torres Arica','Manzana Dunas',null,'Villa Residencial España','Localidad Esperanza',50);
insert into DOMICILIO values(1000000007,1658,'Pasaje uno',66,'Depto. 7 Tazas','Viña los Olmos',null,'Poblacion 5','Localidad Peru',10);
insert into DOMICILIO values(1000000008,44,'Av. San Martin',05,'Depto. Nuble','Zona Norte',null,'poblacion Insdustrial','Localidad Las Villas',40);
insert into DOMICILIO values(1000000009,654,'Av. Esperanza',null,null,'Sector 7',null,'Villa Porteña','Localidad 7',60);
insert into DOMICILIO values(1000000010,100,'Pasaje Sur',6,'Blocks San Marin','Espacio Rojas',null,'Villa Quechua','Localidad San Bacilo',80);
insert into DOMICILIO values(1000000011,698,'Calle Rio Blanco',null,null,'Sector 2',null,'Villa Holanda','Localidad Santo Tomas',80);
insert into DOMICILIO values(1000000012,1481,'Av. Vicuña Mackenna',null,null,'Manzana 20 Centro',null,'Poblacion CLarin','Localidad Sur',10);
insert into DOMICILIO values(1000000013,15634,'Pasaje Viento',null,null,'Zona Centrica',null,'Poblacion Santo Tomas','Localidad Vientos',20);
insert into DOMICILIO values(1000000014,1222,'Pasaje Santo Tomas',null,null,'Manzana San Hernan',null,'Villa San Joaquin','Localidad San Joaquin',20);
insert into DOMICILIO values(1000000015,999,'Calle Diamante',60,'Depto Santa Clara','Cerro 1',null,'Villa San Jose','Localidad Mostazal',90);
insert into DOMICILIO values(1000000016,985,'Av. Libertador',null,null,'Manzana Estadio','Sitio 4','Villa Residencial 1','Localidad Asiatica',100);
insert into DOMICILIO values(1000000017,1248,'Pasaje Manuel Montt',12,'Torres ALba','Cerro Santa Marta',null,'Poblacion 4','Localidad Placeres',10);
insert into DOMICILIO values(1000000018,1005,'Calle los Pensamientos',null,null,'Manzana 3',null,'Poblacion San Jorge','Localidad Esperanza',20);
insert into DOMICILIO values(1000000019,369,'Av. Hospital',null,null,'Zona Centro sur',null,'Villa Arica','Localidad 10',50);
--ANEXO D (esta sin pk?)
INSERT INTO ANEXO_D VALUES (SEQ_NROFOLIO_D.NEXTVAL,0,1000000000);
INSERT INTO ANEXO_D VALUES (SEQ_NROFOLIO_D.NEXTVAL,1,1000000001);
INSERT INTO ANEXO_D VALUES (SEQ_NROFOLIO_D.NEXTVAL,0,1000000002);
INSERT INTO ANEXO_D VALUES (SEQ_NROFOLIO_D.NEXTVAL,1,1000000003);
INSERT INTO ANEXO_D VALUES (SEQ_NROFOLIO_D.NEXTVAL,1,1000000004);
INSERT INTO ANEXO_D VALUES (SEQ_NROFOLIO_D.NEXTVAL,1,1000000005);
INSERT INTO ANEXO_D VALUES (SEQ_NROFOLIO_D.NEXTVAL,0,1000000006);
INSERT INTO ANEXO_D VALUES (SEQ_NROFOLIO_D.NEXTVAL,0,1000000007);
INSERT INTO ANEXO_D VALUES (SEQ_NROFOLIO_D.NEXTVAL,1,1000000008);
INSERT INTO ANEXO_D VALUES (SEQ_NROFOLIO_D.NEXTVAL,0,1000000009);
INSERT INTO ANEXO_D VALUES (SEQ_NROFOLIO_D.NEXTVAL,1,1000000010);
INSERT INTO ANEXO_D VALUES (SEQ_NROFOLIO_D.NEXTVAL,0,1000000011);
INSERT INTO ANEXO_D VALUES (SEQ_NROFOLIO_D.NEXTVAL,1,1000000012);
INSERT INTO ANEXO_D VALUES (SEQ_NROFOLIO_D.NEXTVAL,1,1000000013);
INSERT INTO ANEXO_D VALUES (SEQ_NROFOLIO_D.NEXTVAL,0,1000000014);
INSERT INTO ANEXO_D VALUES (SEQ_NROFOLIO_D.NEXTVAL,1,1000000015);
INSERT INTO ANEXO_D VALUES (SEQ_NROFOLIO_D.NEXTVAL,1,1000000016);
INSERT INTO ANEXO_D VALUES (SEQ_NROFOLIO_D.NEXTVAL,1,1000000017);
INSERT INTO ANEXO_D VALUES (SEQ_NROFOLIO_D.NEXTVAL,0,1000000018);
INSERT INTO ANEXO_D VALUES (SEQ_NROFOLIO_D.NEXTVAL,0,1000000019);
--PROPIETARIO VIVIENDA
INSERT INTO PROPIETARIO_VIVIENDA VALUES (20000000,19891329,'marco antonio',9182736423,'mjauni@gmail.com');
INSERT INTO PROPIETARIO_VIVIENDA VALUES (20000001,234583891,'carlos casillas',981283214,'mco@gmail.com');
INSERT INTO PROPIETARIO_VIVIENDA VALUES (20000002,12893891,'juan aurelio casillas',18279384,'martco@gmail.com');
INSERT INTO PROPIETARIO_VIVIENDA VALUES (20000003,12893891,'juan aurelio casillas',23323284,'co@gmail.com');
INSERT INTO PROPIETARIO_VIVIENDA VALUES (20000004,19283740,'estabn dido',192837820,'esteban@gmail.com');
INSERT INTO PROPIETARIO_VIVIENDA VALUES (20000005,39482910,'julio cesar',564738293,'julio@hotmail.com');
INSERT INTO PROPIETARIO_VIVIENDA VALUES (20000006,49382019,'marco antonio',8475930293,'marcos@gmail.com');
INSERT INTO PROPIETARIO_VIVIENDA VALUES (20000007,847394832,'javier herrera',9383928933,'javi@gmail.com');
INSERT INTO PROPIETARIO_VIVIENDA VALUES (20000008,209238293,'claudia malik',9383982732,'clauumalik@gmail.com');
INSERT INTO PROPIETARIO_VIVIENDA VALUES (20000009,239487823,'jose umberto',9382493223,'jasinto@gmail.com');
INSERT INTO PROPIETARIO_VIVIENDA VALUES (20000010,383894739,'javiera leyton',92837482,'javyleyton@gmail.com');
INSERT INTO PROPIETARIO_VIVIENDA VALUES (20000011,204321232,'sacarlet presley',95539283,'sacrle@gmail.com');
INSERT INTO PROPIETARIO_VIVIENDA VALUES (20000012,982318293,'federico barra',2918394,'fede@gmail.com');
INSERT INTO PROPIETARIO_VIVIENDA VALUES (20000013,238193827,'martin huerta',12323132,'martn@gmail.com');
INSERT INTO PROPIETARIO_VIVIENDA VALUES (20000014,938239443,'juan berrios',97827182,'jaun938@hotmail.com');
INSERT INTO PROPIETARIO_VIVIENDA VALUES (20000015,938172832,'laura martinez',928271823,'laura@hotmail.com');
INSERT INTO PROPIETARIO_VIVIENDA VALUES (20000016,928371828,'jauan gutierres',928381728,'jauan@live.cl');
INSERT INTO PROPIETARIO_VIVIENDA VALUES (20000017,129819222,'claudia martinez',982918239,'cclasi@live.cl');
INSERT INTO PROPIETARIO_VIVIENDA VALUES (20000018,192839293,'sebastian fuenzalida',229193839,'fnzalida@gmail.com');
INSERT INTO PROPIETARIO_VIVIENDA VALUES (20000019,938182382,'jose martine',22039383,'jose@gmail.com');

--DATO RESPONSABLE INFORME
INSERT INTO DATO_RESPONSABLE_INFORME VALUES (20000000,1);
INSERT INTO DATO_RESPONSABLE_INFORME VALUES (20000000,2);
INSERT INTO DATO_RESPONSABLE_INFORME VALUES (20000002,3);
INSERT INTO DATO_RESPONSABLE_INFORME VALUES (20000003,4);
INSERT INTO DATO_RESPONSABLE_INFORME VALUES (20000004,5);
INSERT INTO DATO_RESPONSABLE_INFORME VALUES (20000005,6);
INSERT INTO DATO_RESPONSABLE_INFORME VALUES (20000006,7);
INSERT INTO DATO_RESPONSABLE_INFORME VALUES (20000008,8);
INSERT INTO DATO_RESPONSABLE_INFORME VALUES (20000009,9);
INSERT INTO DATO_RESPONSABLE_INFORME VALUES (20000010,10);
INSERT INTO DATO_RESPONSABLE_INFORME VALUES (20000011,11);
INSERT INTO DATO_RESPONSABLE_INFORME VALUES (20000012,12);
INSERT INTO DATO_RESPONSABLE_INFORME VALUES (20000013,13);
INSERT INTO DATO_RESPONSABLE_INFORME VALUES (20000014,14);
INSERT INTO DATO_RESPONSABLE_INFORME VALUES (20000015,15);
INSERT INTO DATO_RESPONSABLE_INFORME VALUES (20000016,16);
INSERT INTO DATO_RESPONSABLE_INFORME VALUES (20000017,17);
INSERT INTO DATO_RESPONSABLE_INFORME VALUES (20000018,18);
INSERT INTO DATO_RESPONSABLE_INFORME VALUES (20000019,19);
--TIPO SUBSIDIO
INSERT INTO TIPO_SUBSIDIO VALUES ('1','titulo 1');
INSERT INTO TIPO_SUBSIDIO VALUES ('2','titulo 2');
INSERT INTO TIPO_SUBSIDIO VALUES ('3','titulo 3');
--SOLICITUD
INSERT INTO SOLICITUD VALUES (20000000,'27/11/2017','30/10/2021','1');
INSERT INTO SOLICITUD VALUES (20000001,'12/8/2016' ,'15/8/2020','1');
INSERT INTO SOLICITUD VALUES (20000002,'4/12/2017' ,'20/1/2022','1');
INSERT INTO SOLICITUD VALUES (20000003,'15/12/2015','15/12/2019','2');
INSERT INTO SOLICITUD VALUES (20000004,'29/9/2018' ,'30/10/2022','2');
INSERT INTO SOLICITUD VALUES (20000005,'10/6/2017' ,'15/7/2021','2');
INSERT INTO SOLICITUD VALUES (20000006,'12/6/2019' ,'15/7/2023','2');
INSERT INTO SOLICITUD VALUES (20000007,'16/4/2019' ,'30/5/2023','1');
INSERT INTO SOLICITUD VALUES (20000008,'14/9/2018' ,'20/10/2022','3');
INSERT INTO SOLICITUD VALUES (20000009,'28/10/2016','15/11/2020','3');
INSERT INTO SOLICITUD VALUES (20000010,'19/11/2019','20/12/2023','3');
INSERT INTO SOLICITUD VALUES (20000011,'15/2/2020' ,'30/3/2024','3');
INSERT INTO SOLICITUD VALUES (20000012,'25/5/2018' ,'10/6/2023','1');
INSERT INTO SOLICITUD VALUES (20000013,'4/7/2019'  ,'15/8/2023','2');
INSERT INTO SOLICITUD VALUES (20000014,'15/11/2017','15/12/2021','2');
INSERT INTO SOLICITUD VALUES (20000015,'12/12/2018','15/1/2023','3');
INSERT INTO SOLICITUD VALUES (20000016,'22/9/2019' ,'25/10/2023','3');
INSERT INTO SOLICITUD VALUES (20000017,'7/4/2019'  ,'15/5/2023','3');
INSERT INTO SOLICITUD VALUES (20000018,'24/10/2015','15/10/2019','1');
INSERT INTO SOLICITUD VALUES (20000019,'12/3/2020' ,'20/8/2024','1');
--ANTECEDENTES ADM VIVIENDDA
INSERT INTO ANTECEDENTES_ADM_VIVIENDA VALUES (20000000,10,'12/1/2010' ,30.2,'10/6/1990' ,20,'12/6/20');
INSERT INTO ANTECEDENTES_ADM_VIVIENDA VALUES (20000001,11,'13/3/2015' ,25.9,'10/6/1987' ,21,'5/8/20');
INSERT INTO ANTECEDENTES_ADM_VIVIENDA VALUES (20000002,12,'22/7/2005' ,60.8,'14/6/2003' ,22,'14/1/20');
INSERT INTO ANTECEDENTES_ADM_VIVIENDA VALUES (20000003,13,'14/9/2015' ,40.50,'28/11/1985',23,'24/4/20');
INSERT INTO ANTECEDENTES_ADM_VIVIENDA VALUES (20000004,14,'10/9/2012' ,90,'14/5/1992' ,24,'14/5/20');
INSERT INTO ANTECEDENTES_ADM_VIVIENDA VALUES (20000005,15,'20/5/2007' ,90,'15/7/2000' ,25,'25/10/20');
INSERT INTO ANTECEDENTES_ADM_VIVIENDA VALUES (20000006,16,'20/12/2013',85,'14/6/2003' ,26,'14/7/20');
INSERT INTO ANTECEDENTES_ADM_VIVIENDA VALUES (20000007,17,'13/4/2001' ,65.50,'23/9/1980' ,27,'2/2/20');
INSERT INTO ANTECEDENTES_ADM_VIVIENDA VALUES (20000008,18,'15/4/2008' ,90,'10/8/1978' ,28,'11/5/20');
INSERT INTO ANTECEDENTES_ADM_VIVIENDA VALUES (20000009,19,'12/6/2010' ,69.65,'5/4/2000'  ,29,'9/12/20');
INSERT INTO ANTECEDENTES_ADM_VIVIENDA VALUES (20000010,20,'25/4/2014' ,55.50,'6/4/2004'  ,30,'18/1/20');
INSERT INTO ANTECEDENTES_ADM_VIVIENDA VALUES (20000011,21,'26/11/2003',88,'16/5/1998' ,31,'7/10/20');
INSERT INTO ANTECEDENTES_ADM_VIVIENDA VALUES (20000012,22,'14/10/2013',54,'26/8/1993' ,32,'16/5/20');
INSERT INTO ANTECEDENTES_ADM_VIVIENDA VALUES (20000013,23,'25/6/2017' ,60.2,'18/12/2000',33,'5/7/20');
INSERT INTO ANTECEDENTES_ADM_VIVIENDA VALUES (20000014,24,'21/10/2013',90,'29/10/1899',34,'14/9/20');
INSERT INTO ANTECEDENTES_ADM_VIVIENDA VALUES (20000015,25,'11/6/2010' ,90,'14/10/1980',35,'2/8/20');
INSERT INTO ANTECEDENTES_ADM_VIVIENDA VALUES (20000016,26,'4/6/2010'  ,90,'4/11/2000' ,36,'13/7/20');
INSERT INTO ANTECEDENTES_ADM_VIVIENDA VALUES (20000017,27,'8/8/2018'  ,12.9,'27/12/2015',37,'1/7/20');
--CATEGORIA CONSULTOR
INSERT INTO CATEGORIA_CONSULTOR VALUES (SEQ_IDCAT.NEXTVAL,'Junior');
INSERT INTO CATEGORIA_CONSULTOR VALUES (SEQ_IDCAT.NEXTVAL,'Amateur');
INSERT INTO CATEGORIA_CONSULTOR VALUES (SEQ_IDCAT.NEXTVAL,'Senio');
INSERT INTO CATEGORIA_CONSULTOR VALUES (SEQ_IDCAT.NEXTVAL,'Experto');
INSERT INTO CATEGORIA_CONSULTOR VALUES (SEQ_IDCAT.NEXTVAL,'Aprendiz');
--ANTECEDENTES CONSULTOR
INSERT INTO ANTECEDENTES_CONSULTOR VALUES (198293432,'juan de lo uurdes',928378271,'juan@gmail.com',SEQ_ROLCONSULTOR.NEXTVAL,5);
INSERT INTO ANTECEDENTES_CONSULTOR VALUES (201928372,'ESTABN MORALES',928273273,'ESTEBAN@gmail.com',SEQ_ROLCONSULTOR.NEXTVAL,2);
INSERT INTO ANTECEDENTES_CONSULTOR VALUES (198273827,'jaime pizarro',9283728273,'jaime@gmail.com',SEQ_ROLCONSULTOR.NEXTVAL,2);
INSERT INTO ANTECEDENTES_CONSULTOR VALUES (202938123,'aurelio casillas',93839283,'aurelio1313@gmail.com',SEQ_ROLCONSULTOR.NEXTVAL,3);
INSERT INTO ANTECEDENTES_CONSULTOR VALUES (293829182,'marcos herber',928392817,'marucs@gmail.com',SEQ_ROLCONSULTOR.NEXTVAL,2);
INSERT INTO ANTECEDENTES_CONSULTOR VALUES (198913214,'julieta miranda',928372643,'juliet@hotmail.com',SEQ_ROLCONSULTOR.NEXTVAL,2);
INSERT INTO ANTECEDENTES_CONSULTOR VALUES (209381928,'marion barra',938292832,'marion@live.cl',SEQ_ROLCONSULTOR.NEXTVAL,1);
INSERT INTO ANTECEDENTES_CONSULTOR VALUES (239727382,'esteban diaz',938271822,'estbn@hotmail.com',SEQ_ROLCONSULTOR.NEXTVAL,3);
INSERT INTO ANTECEDENTES_CONSULTOR VALUES (198283722,'rodrigo araya',938271723,'jaime@gmail.com',SEQ_ROLCONSULTOR.NEXTVAL,2);
INSERT INTO ANTECEDENTES_CONSULTOR VALUES (192839281,'javiera manzilla',837482722,'javvv@gamil.com',SEQ_ROLCONSULTOR.NEXTVAL,2);
--ANEXO D CONSULTOR
INSERT INTO ANEXO_D_CONSULTOR VALUES (20000000,198283722,SEQ_NRORESSOLUCION.NEXTVAL,'01/01/2020'); 
INSERT INTO ANEXO_D_CONSULTOR VALUES (20000001,192839281,SEQ_NRORESSOLUCION.NEXTVAL,'01/02/2022'); 
INSERT INTO ANEXO_D_CONSULTOR VALUES (20000002,201928372,SEQ_NRORESSOLUCION.NEXTVAL,'01/04/2020'); 
INSERT INTO ANEXO_D_CONSULTOR VALUES (20000003,192839281,SEQ_NRORESSOLUCION.NEXTVAL,'01/05/2020'); 
INSERT INTO ANEXO_D_CONSULTOR VALUES (20000004,198283722,SEQ_NRORESSOLUCION.NEXTVAL,'01/02/2020'); 
INSERT INTO ANEXO_D_CONSULTOR VALUES (20000005,201928372,SEQ_NRORESSOLUCION.NEXTVAL,'01/03/2020'); 
INSERT INTO ANEXO_D_CONSULTOR VALUES (20000006,239727382,SEQ_NRORESSOLUCION.NEXTVAL,'01/04/2020'); 
INSERT INTO ANEXO_D_CONSULTOR VALUES (20000007,239727382,SEQ_NRORESSOLUCION.NEXTVAL,'01/04/2020'); 
INSERT INTO ANEXO_D_CONSULTOR VALUES (20000008,192839281,SEQ_NRORESSOLUCION.NEXTVAL,'01/05/2020'); 
INSERT INTO ANEXO_D_CONSULTOR VALUES (20000009,201928372,SEQ_NRORESSOLUCION.NEXTVAL,'01/05/2020'); 
INSERT INTO ANEXO_D_CONSULTOR VALUES (20000010,201928372,SEQ_NRORESSOLUCION.NEXTVAL,'01/01/2020'); 
INSERT INTO ANEXO_D_CONSULTOR VALUES (20000011,293829182,SEQ_NRORESSOLUCION.NEXTVAL,'01/02/2020'); 
INSERT INTO ANEXO_D_CONSULTOR VALUES (20000012,293829182,SEQ_NRORESSOLUCION.NEXTVAL,'01/03/2020'); 
INSERT INTO ANEXO_D_CONSULTOR VALUES (20000013,198283722,SEQ_NRORESSOLUCION.NEXTVAL,'01/04/2020'); 
INSERT INTO ANEXO_D_CONSULTOR VALUES (20000014,192839281,SEQ_NRORESSOLUCION.NEXTVAL,'01/04/2020'); 
INSERT INTO ANEXO_D_CONSULTOR VALUES (20000015,192839281,SEQ_NRORESSOLUCION.NEXTVAL,'01/02/2020'); 
INSERT INTO ANEXO_D_CONSULTOR VALUES (20000016,198283722,SEQ_NRORESSOLUCION.NEXTVAL,'01/02/2020'); 
INSERT INTO ANEXO_D_CONSULTOR VALUES (20000017,201928372,SEQ_NRORESSOLUCION.NEXTVAL,'01/03/2020'); 
INSERT INTO ANEXO_D_CONSULTOR VALUES (20000018,201928372,SEQ_NRORESSOLUCION.NEXTVAL,'01/05/2020'); 
INSERT INTO ANEXO_D_CONSULTOR VALUES (20000019,201928372,SEQ_NRORESSOLUCION.NEXTVAL,'01/01/2020'); 
--CARACTERISTICA VIVIENDA
INSERT INTO CARACTERISTICA_VIVIENDA VALUES (20000000,202007001,0,1,'AV.CARLOS PINTO 765',NULL,NULL,'TIERRILLA',10);
INSERT INTO CARACTERISTICA_VIVIENDA VALUES (20000001,202007002,1,1,'MONDRAGON 2026',NULL,NULL,'LA FRONTERA',120);
INSERT INTO CARACTERISTICA_VIVIENDA VALUES (20000002,20207003,1,1,'COLOBIA 10056',3,10,'7 PLAZAS',90);
INSERT INTO CARACTERISTICA_VIVIENDA VALUES (20000003,202007004,0,0,'JOSE MIGUEL CARRERA 544',NULL,NULL,'DOS PINOS',40);
INSERT INTO CARACTERISTICA_VIVIENDA VALUES (20000004,202007005,1,1,'COLON 10928',203,4,'AGUA VERDE',50);
INSERT INTO CARACTERISTICA_VIVIENDA VALUES (20000005,202007006,1,0,'KANIA 4352',NULL,NULL,'CERRO BLANCO',70);
INSERT INTO CARACTERISTICA_VIVIENDA VALUES (20000006,202007007,0,1,'ARTURO PRAT 455',NULL,NULL,'VILLA SAN FRANCISCO',80);
INSERT INTO CARACTERISTICA_VIVIENDA VALUES (20000007,202007008,1,1,'TUQUESA 789',NULL,NULL,'TIERRA NUEVA',170);
INSERT INTO CARACTERISTICA_VIVIENDA VALUES (20000008,202007009,0,0,'CLEOPATRA 1002',206,20,'NUEVA TIERA',120);
INSERT INTO CARACTERISTICA_VIVIENDA VALUES (20000009,202007010,1,0,'RAMON FREIRE 786',NULL,NULL,'DIEGO PORTALES',10);
INSERT INTO CARACTERISTICA_VIVIENDA VALUES (20000010,202007011,0,1,'PUERTO VARAS 1029',NULL,NULL,'CENTRO',100);
INSERT INTO CARACTERISTICA_VIVIENDA VALUES (20000011,202007012,1,1,'AV.BRAZIL 456',NULL,NULL,'LOS CLAIRNES',10);
INSERT INTO CARACTERISTICA_VIVIENDA VALUES (20000012,202007013,0,0,'MAKHOE 543',NULL,NULL,'7 PLAZAS',30);
INSERT INTO CARACTERISTICA_VIVIENDA VALUES (20000013,202007014,1,1,'EISTEIN 772',NULL,NULL,'VILLA LOS HEROES',60);
INSERT INTO CARACTERISTICA_VIVIENDA VALUES (20000014,202007015,0,1,'ROJAS MAGAYANES 877',NULL,NULL,'NUEVO CONTINENTE',20);
INSERT INTO CARACTERISTICA_VIVIENDA VALUES (20000015,202007016,1,1,'MIRADOR 763',250,10,'VILLA PLENA VIDA',50);
INSERT INTO CARACTERISTICA_VIVIENDA VALUES (20000016,202007017,1,1,'VICENTE VALDES',205,20,'LOS CALIRNES',10);
INSERT INTO CARACTERISTICA_VIVIENDA VALUES (20000017,202007018,1,0,'BELLAS ARTES 50',105,10,'IIERRA AZUL',60);
INSERT INTO CARACTERISTICA_VIVIENDA VALUES (20000018,202007019,0,0,'PERLA NEGRA 3223',NULL,NULL,'ESPACIO RURAL',10);
INSERT INTO CARACTERISTICA_VIVIENDA VALUES (20000019,202007020,1,1,'CENTRAL ORIENTE 873',NULL,NULL,'ALBORADA',80);
--TIPO AGRUP VIVIENDA
INSERT INTO TIPO_AGRUP_VIVIENDA VALUES (SEQ_ID_TIPOVIVAGRUP.NEXTVAL,'aislada');
INSERT INTO TIPO_AGRUP_VIVIENDA VALUES (SEQ_ID_TIPOVIVAGRUP.NEXTVAL,'pareada');
INSERT INTO TIPO_AGRUP_VIVIENDA VALUES (SEQ_ID_TIPOVIVAGRUP.NEXTVAL,'continua');
INSERT INTO TIPO_AGRUP_VIVIENDA VALUES (SEQ_ID_TIPOVIVAGRUP.NEXTVAL,'edificacion en altura');
--TIPO VIVIENDA
INSERT INTO TIPO_VIVIENDA VALUES (SEQ_IDTIPOVIV.NEXTVAL,'casa');
INSERT INTO TIPO_VIVIENDA VALUES (SEQ_IDTIPOVIV.NEXTVAL,'departamento');
--ESTADO CONSER VIVIENDA
INSERT INTO ESTADO_CONSER_VIV VALUES (01,'Bueno');
INSERT INTO ESTADO_CONSER_VIV VALUES (02,'Regular');
INSERT INTO ESTADO_CONSER_VIV VALUES (03,'Malo');
--ANTECEDENTES CONSTR VIV
INSERT INTO ANTECEDENTES_CONSTR_VIV VALUES (20000001,1,70,90,1,1,'02');
INSERT INTO ANTECEDENTES_CONSTR_VIV VALUES (20000002,1,50,60,3,1,'02');
INSERT INTO ANTECEDENTES_CONSTR_VIV VALUES (20000003,2,90,50,2,1,'03');
INSERT INTO ANTECEDENTES_CONSTR_VIV VALUES (20000004,2,90,50,1,1,'01');
INSERT INTO ANTECEDENTES_CONSTR_VIV VALUES (20000005,2,90,90,3,1,'01');
INSERT INTO ANTECEDENTES_CONSTR_VIV VALUES (20000006,2,75,90,3,1,'02');
INSERT INTO ANTECEDENTES_CONSTR_VIV VALUES (20000007,2,90,20,1,1,'02');
INSERT INTO ANTECEDENTES_CONSTR_VIV VALUES (20000008,4,20,50,1,2,'02');
INSERT INTO ANTECEDENTES_CONSTR_VIV VALUES (20000009,1,50,90,4,1,'03');
INSERT INTO ANTECEDENTES_CONSTR_VIV VALUES (20000010,4,20,99,1,2,'03');
INSERT INTO ANTECEDENTES_CONSTR_VIV VALUES (20000011,2,80,90,4,1,'03');
INSERT INTO ANTECEDENTES_CONSTR_VIV VALUES (20000012,2,75,25,4,1,'01');
INSERT INTO ANTECEDENTES_CONSTR_VIV VALUES (20000013,1,85,80,3,1,'01');
INSERT INTO ANTECEDENTES_CONSTR_VIV VALUES (20000014,4,50,70,1,2,'03');
INSERT INTO ANTECEDENTES_CONSTR_VIV VALUES (20000015,3,20,50,1,2,'01');
INSERT INTO ANTECEDENTES_CONSTR_VIV VALUES (20000016,3,90,50,1,2,'02');
INSERT INTO ANTECEDENTES_CONSTR_VIV VALUES (20000017,1,90,50,1,1,'03');
INSERT INTO ANTECEDENTES_CONSTR_VIV VALUES (20000018,3,20,10,2,1,'03');
INSERT INTO ANTECEDENTES_CONSTR_VIV VALUES (20000019,2,40,50,3,1,'01');
INSERT INTO ANTECEDENTES_CONSTR_VIV VALUES (20000020,2,95,20,3,1,'01');
--ESTRUCTURA
INSERT INTO ESTRUCTURA VALUES (SEQ_IDESTRUC.NEXTVAL,'Hormigon');
INSERT INTO ESTRUCTURA VALUES (SEQ_IDESTRUC.NEXTVAL,'Acero de Calibre ligero');
INSERT INTO ESTRUCTURA VALUES (SEQ_IDESTRUC.NEXTVAL,'Madera');
--MATERIAL
INSERT INTO MATERIAL VALUES (SEQ_IDMATER.NEXTVAL,'Ladrillo');
INSERT INTO MATERIAL VALUES (SEQ_IDMATER.NEXTVAL,'Adobe');
INSERT INTO MATERIAL VALUES (SEQ_IDMATER.NEXTVAL,'Concreto');
INSERT INTO MATERIAL VALUES (SEQ_IDMATER.NEXTVAL,'Roble');
INSERT INTO MATERIAL VALUES (SEQ_IDMATER.NEXTVAL,'Abedul');
INSERT INTO MATERIAL VALUES (SEQ_IDMATER.NEXTVAL,'Cemento');
--ANT_MATERIAL_ESTRUCTURA
INSERT INTO ANT_MATERIAL_ESTRUCTURA VALUES (20000001,1,1);
INSERT INTO ANT_MATERIAL_ESTRUCTURA VALUES (20000002,1,2);
INSERT INTO ANT_MATERIAL_ESTRUCTURA VALUES (20000003,2,3);
INSERT INTO ANT_MATERIAL_ESTRUCTURA VALUES (20000004,1,1);
INSERT INTO ANT_MATERIAL_ESTRUCTURA VALUES (20000005,1,1);
INSERT INTO ANT_MATERIAL_ESTRUCTURA VALUES (20000006,2,3);
INSERT INTO ANT_MATERIAL_ESTRUCTURA VALUES (20000007,3,5);
INSERT INTO ANT_MATERIAL_ESTRUCTURA VALUES (20000008,3,5);
INSERT INTO ANT_MATERIAL_ESTRUCTURA VALUES (20000009,3,4);
INSERT INTO ANT_MATERIAL_ESTRUCTURA VALUES (20000010,2,6);
INSERT INTO ANT_MATERIAL_ESTRUCTURA VALUES (20000011,2,6);
INSERT INTO ANT_MATERIAL_ESTRUCTURA VALUES (20000012,2,6);
INSERT INTO ANT_MATERIAL_ESTRUCTURA VALUES (20000013,2,6);
INSERT INTO ANT_MATERIAL_ESTRUCTURA VALUES (20000014,3,4);
INSERT INTO ANT_MATERIAL_ESTRUCTURA VALUES (20000015,1,1);
INSERT INTO ANT_MATERIAL_ESTRUCTURA VALUES (20000016,1,1);
INSERT INTO ANT_MATERIAL_ESTRUCTURA VALUES (20000017,3,5);
INSERT INTO ANT_MATERIAL_ESTRUCTURA VALUES (20000018,2,2);
INSERT INTO ANT_MATERIAL_ESTRUCTURA VALUES (20000019,1,2);
INSERT INTO ANT_MATERIAL_ESTRUCTURA VALUES (20000020,1,2);
--TIPO HABITACION
INSERT INTO TIPO_HABITACION VALUES (SEQ_IDTIPOHAB.NEXTVAL,'Dormitorio Simple');
INSERT INTO TIPO_HABITACION VALUES (SEQ_IDTIPOHAB.NEXTVAL,'Dormitorio Matrimonial');
INSERT INTO TIPO_HABITACION VALUES (SEQ_IDTIPOHAB.NEXTVAL,'Cocina');
INSERT INTO TIPO_HABITACION VALUES (SEQ_IDTIPOHAB.NEXTVAL,'Baño comun');
INSERT INTO TIPO_HABITACION VALUES (SEQ_IDTIPOHAB.NEXTVAL,'Baño personal');
INSERT INTO TIPO_HABITACION VALUES (SEQ_IDTIPOHAB.NEXTVAL,'Sala de estar');
INSERT INTO TIPO_HABITACION VALUES (SEQ_IDTIPOHAB.NEXTVAL,'Bodega');
INSERT INTO TIPO_HABITACION VALUES (SEQ_IDTIPOHAB.NEXTVAL,'Dormitorio invitado');
INSERT INTO TIPO_HABITACION VALUES (SEQ_IDTIPOHAB.NEXTVAL,'Comedor');
INSERT INTO TIPO_HABITACION VALUES (SEQ_IDTIPOHAB.NEXTVAL,'Living');
--ANTECEDENTE_TIPO_HAB
INSERT INTO ANTECEDENTE_TIPO_HAB VALUES (20000001,1,1);
INSERT INTO ANTECEDENTE_TIPO_HAB VALUES (20000002,10,2);
INSERT INTO ANTECEDENTE_TIPO_HAB VALUES (20000003,2,1);
INSERT INTO ANTECEDENTE_TIPO_HAB VALUES (20000004,10,3);
INSERT INTO ANTECEDENTE_TIPO_HAB VALUES (20000005,2,1);
INSERT INTO ANTECEDENTE_TIPO_HAB VALUES (20000006,2,1);
INSERT INTO ANTECEDENTE_TIPO_HAB VALUES (20000007,4,1);
INSERT INTO ANTECEDENTE_TIPO_HAB VALUES (20000008,5,3);
INSERT INTO ANTECEDENTE_TIPO_HAB VALUES (20000009,4,2);
INSERT INTO ANTECEDENTE_TIPO_HAB VALUES (20000010,3,4);
INSERT INTO ANTECEDENTE_TIPO_HAB VALUES (20000011,5,1);
INSERT INTO ANTECEDENTE_TIPO_HAB VALUES (20000012,3,1);
INSERT INTO ANTECEDENTE_TIPO_HAB VALUES (20000013,4,1);
INSERT INTO ANTECEDENTE_TIPO_HAB VALUES (20000014,8,2);
INSERT INTO ANTECEDENTE_TIPO_HAB VALUES (20000015,9,3);
INSERT INTO ANTECEDENTE_TIPO_HAB VALUES (20000016,7,2);
INSERT INTO ANTECEDENTE_TIPO_HAB VALUES (20000017,6,2);
INSERT INTO ANTECEDENTE_TIPO_HAB VALUES (20000018,2,1);
INSERT INTO ANTECEDENTE_TIPO_HAB VALUES (20000019,8,1);
INSERT INTO ANTECEDENTE_TIPO_HAB VALUES (20000020,1,1);
--DIFICULTAD
INSERT INTO DIFICULTAD VALUES (SEQ_DIFICULTAD.NEXTVAL,'Evidente irreparable o dificil de reparar');
INSERT INTO DIFICULTAD VALUES (SEQ_DIFICULTAD.NEXTVAL,'evidente pero facil de reparar');
--ANOMALIA
INSERT INTO ANOMALIA VALUES (SEQ_ANOMALIAS.NEXTVAL, 'Terreno: socavamiento, filtracion, derrumbe',1);
INSERT INTO ANOMALIA VALUES (SEQ_ANOMALIAS.NEXTVAL, 'Plagas: termitas, murcielagos, palomas',1);
INSERT INTO ANOMALIA VALUES (SEQ_ANOMALIAS.NEXTVAL, 'Fundaciones: cimientos y sobrecimientos',1);
INSERT INTO ANOMALIA VALUES (SEQ_ANOMALIAS.NEXTVAL, 'Muros estructurales',1);
INSERT INTO ANOMALIA VALUES (SEQ_ANOMALIAS.NEXTVAL, 'Entrepiso',1);
INSERT INTO ANOMALIA VALUES (SEQ_ANOMALIAS.NEXTVAL, 'Estructura de techumbre',1);
INSERT INTO ANOMALIA VALUES (SEQ_ANOMALIAS.NEXTVAL, 'Red agua potable',1);
INSERT INTO ANOMALIA VALUES (SEQ_ANOMALIAS.NEXTVAL, 'Red de alcantarillado',1);
INSERT INTO ANOMALIA VALUES (SEQ_ANOMALIAS.NEXTVAL, 'Red de electricidad',1);
INSERT INTO ANOMALIA VALUES (SEQ_ANOMALIAS.NEXTVAL, 'Red de gas',1);
INSERT INTO ANOMALIA VALUES (SEQ_ANOMALIAS.NEXTVAL, 'Humedad en la vivienda: Poca ventilacion',2);
INSERT INTO ANOMALIA VALUES (SEQ_ANOMALIAS.NEXTVAL, 'Radier / Pavimento',2);
INSERT INTO ANOMALIA VALUES (SEQ_ANOMALIAS.NEXTVAL, 'Tabiques no estructurales',2);
INSERT INTO ANOMALIA VALUES (SEQ_ANOMALIAS.NEXTVAL, 'Revestimientos exteriores',2);
INSERT INTO ANOMALIA VALUES (SEQ_ANOMALIAS.NEXTVAL, 'Revestimientos interiores',2);
INSERT INTO ANOMALIA VALUES (SEQ_ANOMALIAS.NEXTVAL, 'Puertas y ventanas',2);
INSERT INTO ANOMALIA VALUES (SEQ_ANOMALIAS.NEXTVAL, 'Cubierta de techumbre',2);
INSERT INTO ANOMALIA VALUES (SEQ_ANOMALIAS.NEXTVAL, 'Artefactos de agua potable o servida',2);
INSERT INTO ANOMALIA VALUES (SEQ_ANOMALIAS.NEXTVAL, 'Artefactos electricos: interruptores',2);
--ANTECEDENTES_ANOMALIA
INSERT INTO ANTECEDENTES_ANOMALIA VALUES (20000001,1,1);
INSERT INTO ANTECEDENTES_ANOMALIA VALUES (20000002,9,0);
INSERT INTO ANTECEDENTES_ANOMALIA VALUES (20000003,16,1);
INSERT INTO ANTECEDENTES_ANOMALIA VALUES (20000004,17,1);
INSERT INTO ANTECEDENTES_ANOMALIA VALUES (20000005,2,1);
INSERT INTO ANTECEDENTES_ANOMALIA VALUES (20000006,18,0);
INSERT INTO ANTECEDENTES_ANOMALIA VALUES (20000007,8,1);
INSERT INTO ANTECEDENTES_ANOMALIA VALUES (20000008,10,1);
INSERT INTO ANTECEDENTES_ANOMALIA VALUES (20000009,2,1);
INSERT INTO ANTECEDENTES_ANOMALIA VALUES (20000010,19,0);
INSERT INTO ANTECEDENTES_ANOMALIA VALUES (20000011,7,1);
INSERT INTO ANTECEDENTES_ANOMALIA VALUES (20000012,11,0);
INSERT INTO ANTECEDENTES_ANOMALIA VALUES (20000013,3,0);
INSERT INTO ANTECEDENTES_ANOMALIA VALUES (20000014,12,1);
INSERT INTO ANTECEDENTES_ANOMALIA VALUES (20000015,15,0);
INSERT INTO ANTECEDENTES_ANOMALIA VALUES (20000016,4,0);
INSERT INTO ANTECEDENTES_ANOMALIA VALUES (20000017,5,0);
INSERT INTO ANTECEDENTES_ANOMALIA VALUES (20000018,13,0);
INSERT INTO ANTECEDENTES_ANOMALIA VALUES (20000019,14,1);
INSERT INTO ANTECEDENTES_ANOMALIA VALUES (20000020,6,1);
--OTRO DAÑO
INSERT INTO OTRO_DAÑO VALUES (20000001,SEQ_OTRODAÑO.NEXTVAL,'Daño en paredes con posible derrumbe',1);
INSERT INTO OTRO_DAÑO VALUES (20000002,SEQ_OTRODAÑO.NEXTVAL,'Daño menor a piso',2);
INSERT INTO OTRO_DAÑO VALUES (20000003,SEQ_OTRODAÑO.NEXTVAL,'Daño menor a pintura',2);
INSERT INTO OTRO_DAÑO VALUES (20000004,SEQ_OTRODAÑO.NEXTVAL,'Daño menor a piso exterior',2);
INSERT INTO OTRO_DAÑO VALUES (20000005,SEQ_OTRODAÑO.NEXTVAL,'Agujero en living',1);
INSERT INTO OTRO_DAÑO VALUES (20000006,SEQ_OTRODAÑO.NEXTVAL,'Techo derrumbado',1);
INSERT INTO OTRO_DAÑO VALUES (20000007,SEQ_OTRODAÑO.NEXTVAL,'Cocina con fuga de gas',1);
INSERT INTO OTRO_DAÑO VALUES (20000008,SEQ_OTRODAÑO.NEXTVAL,'Baño con socavon',1);
INSERT INTO OTRO_DAÑO VALUES (20000009,SEQ_OTRODAÑO.NEXTVAL,'Daño menor a pintura',2);
INSERT INTO OTRO_DAÑO VALUES (20000010,SEQ_OTRODAÑO.NEXTVAL,'Daño menor en reja',2);
INSERT INTO OTRO_DAÑO VALUES (20000011,SEQ_OTRODAÑO.NEXTVAL,'Daño menor en tomacorriente',2);
INSERT INTO OTRO_DAÑO VALUES (20000012,SEQ_OTRODAÑO.NEXTVAL,'Daño menor en baldosas de baño',2);
INSERT INTO OTRO_DAÑO VALUES (20000013,SEQ_OTRODAÑO.NEXTVAL,'Pared derrumbada',1);
INSERT INTO OTRO_DAÑO VALUES (20000014,SEQ_OTRODAÑO.NEXTVAL,'Daño menor a piso',2);
INSERT INTO OTRO_DAÑO VALUES (20000015,SEQ_OTRODAÑO.NEXTVAL,'Daño menor a pintura',2);
INSERT INTO OTRO_DAÑO VALUES (20000016,SEQ_OTRODAÑO.NEXTVAL,'Paredes con señales de incendio',1);
INSERT INTO OTRO_DAÑO VALUES (20000017,SEQ_OTRODAÑO.NEXTVAL,'Daño menor a pintura',2);
INSERT INTO OTRO_DAÑO VALUES (20000018,SEQ_OTRODAÑO.NEXTVAL,'Escalera dañada con riesgo de caida',1);
INSERT INTO OTRO_DAÑO VALUES (20000019,SEQ_OTRODAÑO.NEXTVAL,'Ventanas rotas junto con marco',1);
INSERT INTO OTRO_DAÑO VALUES (20000020,SEQ_OTRODAÑO.NEXTVAL,'Socavon en el patio',1);
--PUNTAJE

--ERROR_PROC_ASIG_PUNTAJE
--VIVIENDA ELEGIDA
INSERT INTO VIVIENDA_ELEGIDA VALUES (1000000000,20000000);
INSERT INTO VIVIENDA_ELEGIDA VALUES (1000000001,20000001);
INSERT INTO VIVIENDA_ELEGIDA VALUES (1000000002,20000002);
INSERT INTO VIVIENDA_ELEGIDA VALUES (1000000003,20000003);
INSERT INTO VIVIENDA_ELEGIDA VALUES (1000000004,20000004);
INSERT INTO VIVIENDA_ELEGIDA VALUES (1000000005,20000005);
INSERT INTO VIVIENDA_ELEGIDA VALUES (1000000006,20000006);
INSERT INTO VIVIENDA_ELEGIDA VALUES (1000000007,20000007);
INSERT INTO VIVIENDA_ELEGIDA VALUES (1000000008,20000008);
INSERT INTO VIVIENDA_ELEGIDA VALUES (1000000009,20000009);
INSERT INTO VIVIENDA_ELEGIDA VALUES (1000000010,20000010);
INSERT INTO VIVIENDA_ELEGIDA VALUES (1000000011,20000011);
INSERT INTO VIVIENDA_ELEGIDA VALUES (1000000012,20000012);
INSERT INTO VIVIENDA_ELEGIDA VALUES (1000000013,20000013);
INSERT INTO VIVIENDA_ELEGIDA VALUES (1000000014,20000014);
INSERT INTO VIVIENDA_ELEGIDA VALUES (1000000015,20000015);
INSERT INTO VIVIENDA_ELEGIDA VALUES (1000000016,20000016);
INSERT INTO VIVIENDA_ELEGIDA VALUES (1000000017,20000017);
INSERT INTO VIVIENDA_ELEGIDA VALUES (1000000018,20000018);
INSERT INTO VIVIENDA_ELEGIDA VALUES (1000000019,20000019);
--BLOB POSTULANTE
/
DECLARE
  v_cant_cambios_foto NUMBER(9);
  v_cant_posiblesCambios_foto NUMBER(9);
  v_blob BLOB;
  v_bfile BFILE;
  v_run_postulante  number(10);
  v_directorio VARCHAR2(30);
  EXCEP_FOTO_NOTFOUND EXCEPTION;
BEGIN
  v_directorio := 'ORACLECLRDIR';
     
  FOR REG_POSTULANTE IN (SELECT RUN_POSTULANTE FROM POSTULANTE ) LOOP
    v_cant_posiblesCambios_foto := v_cant_posiblesCambios_foto + 1;
    SELECT FOTOGRAFIA INTO v_blob FROM POSTULANTE WHERE RUN_POSTULANTE = REG_POSTULANTE.RUN_POSTULANTE FOR UPDATE;
    v_bfile := BFILENAME(v_directorio, REG_POSTULANTE.RUN_POSTULANTE || '.jpg');
    
    v_bfile:= BFILENAME(v_directorio,REG_POSTULANTE.RUN_POSTULANTE ||'.jpg');  
    IF DBMS_LOB.FILEEXISTS(v_bfile) = 0 THEN 
          RAISE EXCEP_FOTO_NOTFOUND;
    END IF;
    
    DBMS_LOB.OPEN(v_bfile, DBMS_LOB.LOB_READONLY);
    DBMS_LOB.LOADFROMFILE(v_blob, v_bfile, DBMS_LOB.GETLENGTH(v_bfile));
    DBMS_LOB.CLOSE(v_bfile);
    
  END LOOP;
  EXCEPTION
    WHEN EXCEP_FOTO_NOTFOUND THEN
    dbms_output.put_line('Foto no encontrada');
    WHEN OTHERS THEN DBMS_OUTPUT.PUT_LINE('ERROR INESPERADO EN CARGAR LAS FOTOS');
  
end;
/
DECLARE
  v_cant_cambios_foto NUMBER(9);
  v_cant_posiblesCambios_foto NUMBER(9);
  v_blob BLOB;
  v_bfile BFILE;
  v_nro_dato_doc number(10);
  v_directorio VARCHAR2(30);
  EXCEP_FOTO_NOTFOUND EXCEPTION;
BEGIN
    v_directorio := 'ORACLECLRDIR';

    FOR REG_DATO_DOC IN (SELECT NRO_DATO_DOC FROM DATO_DOCUMENTO) LOOP
      v_cant_posiblesCambios_foto := v_cant_posiblesCambios_foto + 1;
      SELECT FIRMA_HUELLA_TIMBRE INTO v_blob FROM DATO_DOCUMENTO WHERE NRO_DATO_DOC = REG_DATO_DOC.NRO_DATO_DOC FOR UPDATE;
      v_bfile := BFILENAME(v_directorio, 'doc_'||REG_DATO_DOC.NRO_DATO_DOC ||'.jpg');
      
      v_bfile:= BFILENAME(v_directorio,'doc_'|| REG_DATO_DOC.NRO_DATO_DOC ||'.jpg');  
      IF DBMS_LOB.FILEEXISTS(v_bfile) = 0 THEN 
          RAISE EXCEP_FOTO_NOTFOUND;
      END IF;
      
      DBMS_LOB.OPEN(v_bfile, DBMS_LOB.LOB_READONLY);
      DBMS_LOB.LOADFROMFILE(v_blob, v_bfile, DBMS_LOB.GETLENGTH(v_bfile));
      DBMS_LOB.CLOSE(v_bfile);
    
    END LOOP;
EXCEPTION
    WHEN EXCEP_FOTO_NOTFOUND THEN
      dbms_output.put_line('Foto no encontrada');
    WHEN OTHERS THEN DBMS_OUTPUT.PUT_LINE('ERROR INESPERADO EN CARGAR LOS DOCUMENTOS');
end;
/

COMMIT;